1714425576, evm, moon, storage-read, 23, solc 0.8.1, --instance-count 1 --call-count 2000
1714425540, ink-wasm, polkadot-v1.7.0, storage-read, 18, ink! 4.3.0, --instance-count 1 --call-count 2000
1714425498, sol-wasm, polkadot-v1.7.0, storage-read, 25, Solidity 0.3.2, --instance-count 1 --call-count 2000
1714426890, evm, moon, storage-read, 26, solc 0.8.1, --instance-count 1 --call-count 2000
1714426848, ink-wasm, polkadot-v1.7.0, storage-read, 18, ink! 4.3.0, --instance-count 1 --call-count 2000
1714426812, sol-wasm, polkadot-v1.7.0, storage-read, 26, Solidity 0.3.2, --instance-count 1 --call-count 2000
1714428367, evm, moon, storage-read, 24, solc 0.8.1, --instance-count 1 --call-count 2000
1714428354, ink-wasm, polkadot-v1.7.0, storage-read, 18, ink! 4.3.0, --instance-count 1 --call-count 2000
1714428318, sol-wasm, polkadot-v1.7.0, storage-read, 26, Solidity 0.3.2, --instance-count 1 --call-count 2000
1714440486, evm, moon, storage-read, 26, solc 0.8.1, --instance-count 1 --call-count 2000
1714440432, ink-wasm, polkadot-v1.7.0, storage-read, 18, ink! 4.3.0, --instance-count 1 --call-count 2000
1714440396, sol-wasm, polkadot-v1.7.0, storage-read, 25, Solidity 0.3.2, --instance-count 1 --call-count 2000
1714527180, evm, moon, storage-read, 24, solc 0.8.1, --instance-count 1 --call-count 2000
1714527156, ink-wasm, polkadot-v1.7.0, storage-read, 18, ink! 4.3.0, --instance-count 1 --call-count 2000
1714527138, sol-wasm, polkadot-v1.7.0, storage-read, 25, Solidity 0.3.2, --instance-count 1 --call-count 2000
1714613238, evm, moon, storage-read, 25, solc 0.8.1, --instance-count 1 --call-count 2000
1714613238, ink-wasm, polkadot-v1.7.0, storage-read, 18, ink! 4.3.0, --instance-count 1 --call-count 2000
1714613226, sol-wasm, polkadot-v1.7.0, storage-read, 25, Solidity 0.3.2, --instance-count 1 --call-count 2000
1714699831, evm, moon, storage-read, 23, solc 0.8.1, --instance-count 1 --call-count 2000
1714699836, ink-wasm, polkadot-v1.7.0, storage-read, 18, ink! 4.3.0, --instance-count 1 --call-count 2000
1714699788, sol-wasm, polkadot-v1.7.0, storage-read, 26, Solidity 0.3.2, --instance-count 1 --call-count 2000
1714786056, evm, moon, storage-read, 23, solc 0.8.1, --instance-count 1 --call-count 2000
1714786020, ink-wasm, polkadot-v1.7.0, storage-read, 18, ink! 4.3.0, --instance-count 1 --call-count 2000
1714785996, sol-wasm, polkadot-v1.7.0, storage-read, 25, Solidity 0.3.2, --instance-count 1 --call-count 2000
1714872774, evm, moon, storage-read, 23, solc 0.8.1, --instance-count 1 --call-count 2000
1714872756, ink-wasm, polkadot-v1.7.0, storage-read, 18, ink! 4.3.0, --instance-count 1 --call-count 2000
1714872750, sol-wasm, polkadot-v1.7.0, storage-read, 25, Solidity 0.3.2, --instance-count 1 --call-count 2000
1714958988, evm, moon, storage-read, 25, solc 0.8.1, --instance-count 1 --call-count 2000
1714958994, ink-wasm, polkadot-v1.7.0, storage-read, 18, ink! 4.3.0, --instance-count 1 --call-count 2000
1714958946, sol-wasm, polkadot-v1.7.0, storage-read, 25, Solidity 0.3.2, --instance-count 1 --call-count 2000
1715045388, evm, moon, storage-read, 26, solc 0.8.1, --instance-count 1 --call-count 2000
1715045334, ink-wasm, polkadot-v1.7.0, storage-read, 22, ink! 4.3.0, --instance-count 1 --call-count 2000
1715045328, sol-wasm, polkadot-v1.7.0, storage-read, 25, Solidity 0.3.2, --instance-count 1 --call-count 2000
1715130960, evm, moon, storage-read, 23, solc 0.8.1, --instance-count 1 --call-count 2000
1715130930, ink-wasm, polkadot-v1.7.0, storage-read, 18, ink! 4.3.0, --instance-count 1 --call-count 2000
1715130900, sol-wasm, polkadot-v1.7.0, storage-read, 25, Solidity 0.3.2, --instance-count 1 --call-count 2000
1715218128, evm, moon, storage-read, 24, solc 0.8.1, --instance-count 1 --call-count 2000
1715218128, ink-wasm, polkadot-v1.7.0, storage-read, 18, ink! 4.3.0, --instance-count 1 --call-count 2000
1715218098, sol-wasm, polkadot-v1.7.0, storage-read, 25, Solidity 0.3.2, --instance-count 1 --call-count 2000
1715304588, evm, moon, storage-read, 26, solc 0.8.1, --instance-count 1 --call-count 2000
1715304582, ink-wasm, polkadot-v1.7.0, storage-read, 18, ink! 4.3.0, --instance-count 1 --call-count 2000
1715304546, sol-wasm, polkadot-v1.7.0, storage-read, 25, Solidity 0.3.2, --instance-count 1 --call-count 2000
1715390922, evm, moon, storage-read, 25, solc 0.8.1, --instance-count 1 --call-count 2000
1715390910, ink-wasm, polkadot-v1.7.0, storage-read, 18, ink! 4.3.0, --instance-count 1 --call-count 2000
1715390862, sol-wasm, polkadot-v1.7.0, storage-read, 25, Solidity 0.3.2, --instance-count 1 --call-count 2000
1715477737, evm, moon, storage-read, 24, solc 0.8.1, --instance-count 1 --call-count 2000
1715477724, ink-wasm, polkadot-v1.7.0, storage-read, 18, ink! 4.3.0, --instance-count 1 --call-count 2000
1715477700, sol-wasm, polkadot-v1.7.0, storage-read, 25, Solidity 0.3.2, --instance-count 1 --call-count 2000
1715563939, evm, moon, storage-read, 24, solc 0.8.1, --instance-count 1 --call-count 2000
1715563902, ink-wasm, polkadot-v1.7.0, storage-read, 18, ink! 4.3.0, --instance-count 1 --call-count 2000
1715563860, sol-wasm, polkadot-v1.7.0, storage-read, 25, Solidity 0.3.2, --instance-count 1 --call-count 2000
1715650206, evm, moon, storage-read, 25, solc 0.8.1, --instance-count 1 --call-count 2000
1715650194, ink-wasm, polkadot-v1.7.0, storage-read, 18, ink! 4.3.0, --instance-count 1 --call-count 2000
1715650152, sol-wasm, polkadot-v1.7.0, storage-read, 25, Solidity 0.3.2, --instance-count 1 --call-count 2000
1715823042, evm, moon, storage-read, 22, solc 0.8.1, --instance-count 1 --call-count 2000
1715823000, ink-wasm, polkadot-v1.7.0, storage-read, 18, ink! 4.3.0, --instance-count 1 --call-count 2000
1715822958, sol-wasm, polkadot-v1.7.0, storage-read, 26, Solidity 0.3.2, --instance-count 1 --call-count 2000
1715909460, evm, moon, storage-read, 25, solc 0.8.1, --instance-count 1 --call-count 2000
1715909424, ink-wasm, polkadot-v1.7.0, storage-read, 18, ink! 4.3.0, --instance-count 1 --call-count 2000
1715909388, sol-wasm, polkadot-v1.7.0, storage-read, 25, Solidity 0.3.2, --instance-count 1 --call-count 2000
1715995794, evm, moon, storage-read, 25, solc 0.8.1, --instance-count 1 --call-count 2000
1715995770, ink-wasm, polkadot-v1.7.0, storage-read, 18, ink! 4.3.0, --instance-count 1 --call-count 2000
1715995728, sol-wasm, polkadot-v1.7.0, storage-read, 25, Solidity 0.3.2, --instance-count 1 --call-count 2000
1716082554, evm, moon, storage-read, 23, solc 0.8.1, --instance-count 1 --call-count 2000
1716082512, ink-wasm, polkadot-v1.7.0, storage-read, 18, ink! 4.3.0, --instance-count 1 --call-count 2000
1716082476, sol-wasm, polkadot-v1.7.0, storage-read, 23, Solidity 0.3.2, --instance-count 1 --call-count 2000
1716168654, evm, moon, storage-read, 23, solc 0.8.1, --instance-count 1 --call-count 2000
1716168642, ink-wasm, polkadot-v1.7.0, storage-read, 18, ink! 4.3.0, --instance-count 1 --call-count 2000
1716168594, sol-wasm, polkadot-v1.7.0, storage-read, 33, Solidity 0.3.2, --instance-count 1 --call-count 2000
1716255030, evm, moon, storage-read, 22, solc 0.8.1, --instance-count 1 --call-count 2000
1716254988, ink-wasm, polkadot-v1.7.0, storage-read, 18, ink! 4.3.0, --instance-count 1 --call-count 2000
1716254976, sol-wasm, polkadot-v1.7.0, storage-read, 25, Solidity 0.3.2, --instance-count 1 --call-count 2000
1716341496, evm, moon, storage-read, 25, solc 0.8.1, --instance-count 1 --call-count 2000
1716341460, ink-wasm, polkadot-v1.7.0, storage-read, 18, ink! 4.3.0, --instance-count 1 --call-count 2000
1716341406, sol-wasm, polkadot-v1.7.0, storage-read, 25, Solidity 0.3.2, --instance-count 1 --call-count 2000
1716427818, evm, moon, storage-read, 23, solc 0.8.1, --instance-count 1 --call-count 2000
1716427800, ink-wasm, polkadot-v1.7.0, storage-read, 18, ink! 4.3.0, --instance-count 1 --call-count 2000
1716427764, sol-wasm, polkadot-v1.7.0, storage-read, 25, Solidity 0.3.2, --instance-count 1 --call-count 2000
1716514243, evm, moon, storage-read, 23, solc 0.8.1, --instance-count 1 --call-count 2000
1716514236, ink-wasm, polkadot-v1.7.0, storage-read, 18, ink! 4.3.0, --instance-count 1 --call-count 2000
1716514200, sol-wasm, polkadot-v1.7.0, storage-read, 25, Solidity 0.3.2, --instance-count 1 --call-count 2000
1716600583, evm, moon, storage-read, 24, solc 0.8.1, --instance-count 1 --call-count 2000
1716600552, ink-wasm, polkadot-v1.7.0, storage-read, 18, ink! 4.3.0, --instance-count 1 --call-count 2000
1716600522, sol-wasm, polkadot-v1.7.0, storage-read, 25, Solidity 0.3.2, --instance-count 1 --call-count 2000
1716687420, evm, moon, storage-read, 26, solc 0.8.1, --instance-count 1 --call-count 2000
1716687384, ink-wasm, polkadot-v1.7.0, storage-read, 18, ink! 4.3.0, --instance-count 1 --call-count 2000
1716687348, sol-wasm, polkadot-v1.7.0, storage-read, 25, Solidity 0.3.2, --instance-count 1 --call-count 2000
1716859885, evm, moon, storage-read, 23, solc 0.8.1, --instance-count 1 --call-count 2000
1716859878, ink-wasm, polkadot-v1.7.0, storage-read, 18, ink! 4.3.0, --instance-count 1 --call-count 2000
1716859824, sol-wasm, polkadot-v1.7.0, storage-read, 26, Solidity 0.3.2, --instance-count 1 --call-count 2000
1716946512, evm, moon, storage-read, 25, solc 0.8.1, --instance-count 1 --call-count 2000
1716946482, ink-wasm, polkadot-v1.7.0, storage-read, 18, ink! 4.3.0, --instance-count 1 --call-count 2000
1716946446, sol-wasm, polkadot-v1.7.0, storage-read, 24, Solidity 0.3.2, --instance-count 1 --call-count 2000
1717032763, evm, moon, storage-read, 24, solc 0.8.1, --instance-count 1 --call-count 2000
1717032702, ink-wasm, polkadot-v1.7.0, storage-read, 18, ink! 4.3.0, --instance-count 1 --call-count 2000
1717032654, sol-wasm, polkadot-v1.7.0, storage-read, 25, Solidity 0.3.2, --instance-count 1 --call-count 2000
1717119157, evm, moon, storage-read, 24, solc 0.8.1, --instance-count 1 --call-count 2000
1717119138, ink-wasm, polkadot-v1.7.0, storage-read, 18, ink! 4.3.0, --instance-count 1 --call-count 2000
1717119102, sol-wasm, polkadot-v1.7.0, storage-read, 25, Solidity 0.3.2, --instance-count 1 --call-count 2000
1717205808, evm, moon, storage-read, 25, solc 0.8.1, --instance-count 1 --call-count 2000
1717205784, ink-wasm, polkadot-v1.7.0, storage-read, 18, ink! 4.3.0, --instance-count 1 --call-count 2000
1717205712, sol-wasm, polkadot-v1.7.0, storage-read, 33, Solidity 0.3.2, --instance-count 1 --call-count 2000
1717292484, evm, moon, storage-read, 25, solc 0.8.1, --instance-count 1 --call-count 2000
1717292460, ink-wasm, polkadot-v1.7.0, storage-read, 18, ink! 4.3.0, --instance-count 1 --call-count 2000
1717292424, sol-wasm, polkadot-v1.7.0, storage-read, 25, Solidity 0.3.2, --instance-count 1 --call-count 2000
